name,price,code,rating
Смартфон Samsung Galaxy S21 FE 128GB Violet,71 490 сом,495919,0
Смартфон Samsung Galaxy S21 FE 128GB Gray,71 490 сом,495920,5
Смартфон Samsung Galaxy S21 FE 128GB White,71 490 сом,495921,5
Смартфон Samsung Galaxy S21 FE 128GB Green,71 490 сом,495918,0
Смартфон Samsung Galaxy S21 FE 256GB Gray,79 590 сом,495924,4
Смартфон Samsung Galaxy Z Flip3 8/128GB Cream,102 090 сом,491943,0
Смартфон Samsung Galaxy Z Flip3 8/128GB Black,102 090 сом,491945,4
Смартфон Samsung Galaxy Z Flip3 8/256GB Black,112 290 сом,491949,4
Смартфон Samsung Galaxy Z Fold3 12/256GB Green,163 290 сом,491950,5
Смартфон Samsung Galaxy Z Fold3 12/256GB Black,163 290 сом,491951,5
Смартфон Samsung Galaxy Z Fold3 12/256GB Silver,163 290 сом,491952,0
Смартфон Samsung Galaxy Z Fold3 12/512GB Green,183 690 сом,491953,0
Смартфон Samsung Galaxy Z Fold3 12/512GB Black,183 690 сом,491954,4
Смартфон Samsung Galaxy Z Fold3 12/512GB Silver,183 690 сом,491955,0
Смартфон Samsung Galaxy Z Flip3 NEW 8/128GB Violet,102 090 сом,494342,0
Смартфон Samsung Galaxy Z Flip3 NEW 8/128GB Green,102 090 сом,494344,0
Смартфон Samsung Galaxy Z Flip3 NEW 8/256GB Violet,112 290 сом,494346,0
Смартфон Samsung Galaxy Z Flip3 NEW 8/256GB Beige,112 290 сом,494347,0
Смартфон Samsung Galaxy Z Flip3 NEW 8/256GB Green,112 290 сом,494348,0
Смартфон ОРРО Reno5 Fantasy Silver,40 890 сом,487644,5
Смартфон ОРРО Reno5 Starry Black,40 890 сом,487643,5
Смартфон HUAWEI P40 Lite Midnight Black,28 690 сом,459926,5
Смартфон HUAWEI P40 Lite E Midnight Black,19 890 сом,459929,5
Смартфон Samsung Galaxy S20 Ultra Gray,106 590 сом,440300,5
Смартфон Samsung Galaxy S20 Blue,78 990 сом,440293,5
Смартфон HUAWEI P Smart 2019 Midnight Black,17 690 сом,87278,5
Смартфон HUAWEI Y6 2019 32GB Midnight Black,11 090 сом,191137,5
Смартфон HUAWEI Y7 2019 32GB Midnight Black,15 490 сом,191145,5
Смартфон HUAWEI P30 Lite 128GB Midnight Black,24 290 сом,293640,5
Смартфон Samsung Galaxy S20 Red,78 990 сом,440295,5
Смартфон Samsung Galaxy A52 4/128GB Awesome Violet,34 690 сом,487335,5
